Skill1,Skill2,Skill3,Skill4,Group
Mathematics,Machine learning,Visualisation,SQL,Data Analytics
ML,SQL,Mathematics,Visualisation,Data Analytics
Web Development ,HTML,ML,SQL,Data Analytics/Web Development
SQL,Web Development,IOT,ML,General
Mathematics,Visualisation,SQL,ML,Data Analytics
Mathematics,SQL,Web Development,CSS,Data Analytics/Web Development
Web Development,SQL,IOT,ML,General
IOT,SQL,Web Development,ML,General
Visualisation,Mathematics,SQL,ML,Data Analytics
SQL,	ML,	IOT,	Web Development	,General
ML,	Visualisation,	SQL	,Mathematics,	Data Analytics
SQL,	Web Development,	IOT,	ML,	General
Mathematics,	SQL,	Web Development,	HTML,	Data Analytics/Web Development
IOT	,ML,	SQL,	Web Development	,General
SQL	,Visualisation,	Mathematics,	ML	,Data Analytics
ML	,Visualisation,	SQL,	Mathematics,	Data Analytics
SQL	,ML	,IOT,	Web Development	,General
SQL	,Mathematics,	CSS	,Web Development,Data Analytics/Web Development
Mathematics,	Visualisation,	SQL,	ML	,Data Analytics
CSS	,Mathematics,	Web Development	,SQL	,Data Analytics/Web Development

